id,conversation_id,created_at,date,time,timezone,user_id,username,name,place,tweet,language,mentions,urls,photos,replies_count,retweets_count,likes_count,hashtags,cashtags,link,retweet,quote_url,video,thumbnail,near,geo,source,user_rt_id,user_rt,retweet_id,reply_to,retweet_date,translate,trans_src,trans_dest
1326296416059330561,1326295282515124225,2020-11-10 16:51:21 Central Standard Time,2020-11-10,16:51:21,-0600,1280548940413370369,earpcourtneyx,Courtney,,@dcprovost  https://t.co/uisB0tzaYk,und,[],[],['https://pbs.twimg.com/tweet_video_thumb/EmfzjU_XYAApkrj.jpg'],0,0,1,[],[],https://twitter.com/EarpCourtneyx/status/1326296416059330561,False,,1,https://pbs.twimg.com/tweet_video_thumb/EmfzjU_XYAApkrj.jpg,,,,,,,[],,,,
1326234503048814594,1326233413976776705,2020-11-10 12:45:20 Central Standard Time,2020-11-10,12:45:20,-0600,1280548940413370369,earpcourtneyx,Courtney,,@senecapond Oh no fingers crossed ğŸ¤ I hope you get better!!!,en,[],[],[],1,0,1,[],[],https://twitter.com/EarpCourtneyx/status/1326234503048814594,False,,0,,,,,,,,"[{'screen_name': 'senecapond', 'name': 'sen â„ï¸ #proudofmel', 'id': '1171588105712865282'}]",,,,
1325880616039178240,1325879585402023936,2020-11-09 13:19:07 Central Standard Time,2020-11-09,13:19:07,-0600,1280548940413370369,earpcourtneyx,Courtney,,@Nikki40114024 How could you tell ğŸ˜‚,en,[],[],[],1,0,1,[],[],https://twitter.com/EarpCourtneyx/status/1325880616039178240,False,,0,,,,,,,,"[{'screen_name': 'Nikki40114024', 'name': 'Nikki ğŸ˜‰', 'id': '1291529871017930753'}]",,,,
1325879585402023936,1325879585402023936,2020-11-09 13:15:01 Central Standard Time,2020-11-09,13:15:01,-0600,1280548940413370369,earpcourtneyx,Courtney,,I have to much fun with Instagram effects  https://t.co/4dIMuQG7Lx,en,[],[],['https://pbs.twimg.com/media/EmZ4dGHWMAA_SGf.jpg'],1,0,4,[],[],https://twitter.com/EarpCourtneyx/status/1325879585402023936,False,,1,https://pbs.twimg.com/media/EmZ4dGHWMAA_SGf.jpg,,,,,,,[],,,,
1325816516986728449,1325806298311651329,2020-11-09 09:04:24 Central Standard Time,2020-11-09,09:04:24,-0600,1280548940413370369,earpcourtneyx,Courtney,,@Nikki40114024  https://t.co/UJMepTKL2D,und,[],[],[],0,0,1,[],[],https://twitter.com/EarpCourtneyx/status/1325816516986728449,False,,1,https://pbs.twimg.com/ext_tw_video_thumb/1325816506391912448/pu/img/dw34ZLsFZ9Sl1Uv1.jpg,,,,,,,[],,,,
1325816461873586176,1325806298311651329,2020-11-09 09:04:11 Central Standard Time,2020-11-09,09:04:11,-0600,1280548940413370369,earpcourtneyx,Courtney,,"@Nikki40114024 They change colour, at the moment they are green :)",en,[],[],[],1,0,1,[],[],https://twitter.com/EarpCourtneyx/status/1325816461873586176,False,,0,,,,,,,,"[{'screen_name': 'Nikki40114024', 'name': 'Nikki ğŸ˜‰', 'id': '1291529871017930753'}]",,,,
1325811025397108740,1325806298311651329,2020-11-09 08:42:35 Central Standard Time,2020-11-09,08:42:35,-0600,1280548940413370369,earpcourtneyx,Courtney,,@Nikki40114024 Hola  https://t.co/OyJgcEwUHZ,es,[],[],['https://pbs.twimg.com/media/EmY6GWPXIAA46L1.jpg'],1,0,1,[],[],https://twitter.com/EarpCourtneyx/status/1325811025397108740,False,,1,https://pbs.twimg.com/media/EmY6GWPXIAA46L1.jpg,,,,,,,"[{'screen_name': 'Nikki40114024', 'name': 'Nikki ğŸ˜‰', 'id': '1291529871017930753'}]",,,,
1325806298311651329,1325806298311651329,2020-11-09 08:23:48 Central Standard Time,2020-11-09,08:23:48,-0600,1280548940413370369,earpcourtneyx,Courtney,,Hello  https://t.co/EkfmTDGaKc,en,[],[],['https://pbs.twimg.com/media/EmY1zNwXIAMXZkM.jpg'],2,0,5,[],[],https://twitter.com/EarpCourtneyx/status/1325806298311651329,False,,1,https://pbs.twimg.com/media/EmY1zNwXIAMXZkM.jpg,,,,,,,[],,,,
1325804712759865345,1325579036056227841,2020-11-09 08:17:30 Central Standard Time,2020-11-09,08:17:30,-0600,1280548940413370369,earpcourtneyx,Courtney,,@Nikki40114024 Thankyou :) Iâ€™m getting better â¤ï¸,en,[],[],[],1,0,1,[],[],https://twitter.com/EarpCourtneyx/status/1325804712759865345,False,,0,,,,,,,,"[{'screen_name': 'Nikki40114024', 'name': 'Nikki ğŸ˜‰', 'id': '1291529871017930753'}]",,,,
1325598079089840130,1325579036056227841,2020-11-08 18:36:25 Central Standard Time,2020-11-08,18:36:25,-0600,1280548940413370369,earpcourtneyx,Courtney,,@DanaNeate â¤ï¸â¤ï¸â¤ï¸,und,[],[],[],0,0,1,[],[],https://twitter.com/EarpCourtneyx/status/1325598079089840130,False,,0,,,,,,,,"[{'screen_name': 'DanaNeate', 'name': 'Dee_Dee', 'id': '705711655'}]",,,,
1325579036056227841,1325579036056227841,2020-11-08 17:20:44 Central Standard Time,2020-11-08,17:20:44,-0600,1280548940413370369,earpcourtneyx,Courtney,,"Iv been inactive for a while, getting better but Iâ€™m getting there â¤ï¸ todayâ€™s been a good day tho. :)  https://t.co/LH9j9CsdZQ",en,[],[],[],2,0,14,[],[],https://twitter.com/EarpCourtneyx/status/1325579036056227841,False,,1,https://pbs.twimg.com/ext_tw_video_thumb/1325579014128463873/pu/img/0Tc0UqnVQQ1iKWK2.jpg,,,,,,,[],,,,
1325560291875237888,1325560291875237888,2020-11-08 16:06:15 Central Standard Time,2020-11-08,16:06:15,-0600,1280548940413370369,earpcourtneyx,Courtney,,My throat is so sore ğŸ˜«,en,[],[],[],1,0,0,[],[],https://twitter.com/EarpCourtneyx/status/1325560291875237888,False,,0,,,,,,,,[],,,,
1325507669814349824,1325506037273817089,2020-11-08 12:37:09 Central Standard Time,2020-11-08,12:37:09,-0600,1280548940413370369,earpcourtneyx,Courtney,,"@Mad9Me I know ğŸ˜” my grandad, my mums friend and my great uncle all passed away in 2020.",en,[],[],[],1,0,0,[],[],https://twitter.com/EarpCourtneyx/status/1325507669814349824,False,,0,,,,,,,,"[{'screen_name': 'Mad9Me', 'name': 'Chinnu', 'id': '1116189753282637825'}]",,,,
1325506037273817089,1325506037273817089,2020-11-08 12:30:40 Central Standard Time,2020-11-08,12:30:40,-0600,1280548940413370369,earpcourtneyx,Courtney,,"in 2020, you: 1 - yeh  2 - yes 3 - yeh :/ 4 - yessss 5 - nope  6 - yes  7 - nope 8 - yes :(  9 - yes  10 - yes  11 - nope 12 - nope  13 - nope  14 - yes :( 3 people  15 - nope  16 - yes  17 - yes drop an emoji for the questions :)",en,[],[],[],3,0,3,[],[],https://twitter.com/EarpCourtneyx/status/1325506037273817089,False,,0,,,,,,,,[],,,,
1325494598114873346,1325486741164208128,2020-11-08 11:45:13 Central Standard Time,2020-11-08,11:45:13,-0600,1280548940413370369,earpcourtneyx,Courtney,,@Mad9Me â¤ï¸,und,[],[],[],0,0,1,[],[],https://twitter.com/EarpCourtneyx/status/1325494598114873346,False,,0,,,,,,,,"[{'screen_name': 'Mad9Me', 'name': 'Chinnu', 'id': '1116189753282637825'}]",,,,
1325420061662744582,1325420061662744582,2020-11-08 06:49:02 Central Standard Time,2020-11-08,06:49:02,-0600,1280548940413370369,earpcourtneyx,Courtney,, https://t.co/7wyRyuruIV,und,[],[],['https://pbs.twimg.com/media/EmTWhSzW8AgDc9G.jpg'],0,0,13,[],[],https://twitter.com/EarpCourtneyx/status/1325420061662744582,False,,1,https://pbs.twimg.com/media/EmTWhSzW8AgDc9G.jpg,,,,,,,[],,,,
1325165375466606592,1325165375466606592,2020-11-07 13:57:00 Central Standard Time,2020-11-07,13:57:00,-0600,1280548940413370369,earpcourtneyx,Courtney,,The best gift ğŸ’œ  https://t.co/bXrbE55qBe,en,[],[],['https://pbs.twimg.com/media/EmPu4dgVgAcjUrl.jpg'],1,0,4,[],[],https://twitter.com/EarpCourtneyx/status/1325165375466606592,False,,1,https://pbs.twimg.com/media/EmPu4dgVgAcjUrl.jpg,,,,,,,[],,,,
1325117448652283907,1325117448652283907,2020-11-07 10:46:33 Central Standard Time,2020-11-07,10:46:33,-0600,1280548940413370369,earpcourtneyx,Courtney,,In remembrance of my older sister. ğŸ¥° you may not be here in person but you are in our hearts and spirits â¤ï¸  https://t.co/mK0zEdPUoe,en,[],[],[],1,0,7,[],[],https://twitter.com/EarpCourtneyx/status/1325117448652283907,False,,1,https://pbs.twimg.com/ext_tw_video_thumb/1325117422937001984/pu/img/TuBctIi5w05Jv7WM.jpg,,,,,,,[],,,,
1325116012065337351,1325116012065337351,2020-11-07 10:40:51 Central Standard Time,2020-11-07,10:40:51,-0600,1280548940413370369,earpcourtneyx,Courtney,,Iâ€™m so happy for you all in America ğŸ¥°,en,[],[],[],1,0,26,[],[],https://twitter.com/EarpCourtneyx/status/1325116012065337351,False,,0,,,,,,,,[],,,,
1325115690836234245,1325115384509456386,2020-11-07 10:39:34 Central Standard Time,2020-11-07,10:39:34,-0600,1280548940413370369,earpcourtneyx,Courtney,,@earperblud Sameeeeee,en,[],[],[],0,0,0,[],[],https://twitter.com/EarpCourtneyx/status/1325115690836234245,False,,0,,,,,,,,"[{'screen_name': 'earperblud', 'name': 'lau; âŸ âŒ‚ğŸˆ', 'id': '1058892074794319873'}]",,,,
1324808418289422336,1324804936224428032,2020-11-06 14:18:35 Central Standard Time,2020-11-06,14:18:35,-0600,1280548940413370369,earpcourtneyx,Courtney,,@jerriesconfetti Oh no idea then,en,[],[],[],0,0,1,[],[],https://twitter.com/EarpCourtneyx/status/1324808418289422336,False,,0,,,,,,,,"[{'screen_name': 'jerriesconfetti', 'name': 'hannah â™¡', 'id': '1297943554279563264'}]",,,,
1324805304996012035,1324804936224428032,2020-11-06 14:06:13 Central Standard Time,2020-11-06,14:06:13,-0600,1280548940413370369,earpcourtneyx,Courtney,,"@jerriesconfetti Itâ€™s live tomorrow, the reason it wasnâ€™t tonight was because the boris speech ran over last week thatâ€™s why it was aired today, but the final is live â¤ï¸",en,[],[],[],1,0,0,[],[],https://twitter.com/EarpCourtneyx/status/1324805304996012035,False,,0,,,,,,,,"[{'screen_name': 'jerriesconfetti', 'name': 'hannah â™¡', 'id': '1297943554279563264'}]",,,,
1324770990451159040,1324770990451159040,2020-11-06 11:49:51 Central Standard Time,2020-11-06,11:49:51,-0600,1280548940413370369,earpcourtneyx,Courtney,,"cree en ti mismo, eres asombroso â¤ï¸",es,[],[],[],0,0,2,[],[],https://twitter.com/EarpCourtneyx/status/1324770990451159040,False,,0,,,,,,,,[],,,,
1324768413986611200,1324763993102143488,2020-11-06 11:39:37 Central Standard Time,2020-11-06,11:39:37,-0600,1280548940413370369,earpcourtneyx,Courtney,,"@shesloml Thankyou so much, I got you too! Always. enviandote muchas vibraciones positivas y amor â¤ï¸",en,[],[],[],0,0,1,[],[],https://twitter.com/EarpCourtneyx/status/1324768413986611200,False,,0,,,,,,,,"[{'screen_name': 'shesloml', 'name': 'Ë—ËË‹ hopiefaye ğŸ‡µğŸ‡­', 'id': '1260553715699691520'}]",,,,
1324767999706894336,1324763993102143488,2020-11-06 11:37:58 Central Standard Time,2020-11-06,11:37:58,-0600,1280548940413370369,earpcourtneyx,Courtney,,"@AceAvery4 @shesloml Thankyou so much, I know things will get better in time and for that reason I am holding on, but yes it is incredible hard at the moment to find the light at the end of the tunnel, but eventually we will get there, Thankyou for your kind words, mucho amor â¤ï¸",en,[],[],[],0,0,2,[],[],https://twitter.com/EarpCourtneyx/status/1324767999706894336,False,,0,,,,,,,,"[{'screen_name': 'AceAvery4', 'name': 'Ace Avery', 'id': '1295035336007942146'}, {'screen_name': 'shesloml', 'name': 'Ë—ËË‹ hopiefaye Â´ËË— ğŸ‡µğŸ‡­', 'id': '1260553715699691520'}]",,,,
1324763993102143488,1324763993102143488,2020-11-06 11:22:03 Central Standard Time,2020-11-06,11:22:03,-0600,1280548940413370369,earpcourtneyx,Courtney,,"I use to be so happy looking forward to the future etc, but since Iv been diagnosed with depression itâ€™s hard to even get through each day as it comes. Seeing the transformation from 2013 to now itâ€™s so sad to see. ğŸ˜­ğŸ˜”",en,[],[],[],1,0,4,[],[],https://twitter.com/EarpCourtneyx/status/1324763993102143488,False,,0,,,,,,,,[],,,,
1324113471005478912,1324094903148810243,2020-11-04 16:17:06 Central Standard Time,2020-11-04,16:17:06,-0600,1280548940413370369,earpcourtneyx,Courtney,,@HaughtWaves1 Thankyou â¤ï¸,en,[],[],[],1,0,1,[],[],https://twitter.com/EarpCourtneyx/status/1324113471005478912,False,,0,,,,,,,,"[{'screen_name': 'HaughtWaves1', 'name': 'HaughtWaves', 'id': '1291086141148598275'}]",,,,
1324107499847487491,1323979537923874817,2020-11-04 15:53:23 Central Standard Time,2020-11-04,15:53:23,-0600,1280548940413370369,earpcourtneyx,Courtney,,@BOsr35 Thankyou â¤ï¸,en,[],[],[],0,0,0,[],[],https://twitter.com/EarpCourtneyx/status/1324107499847487491,False,,0,,,,,,,,"[{'screen_name': 'BOsr35', 'name': 'BkOsr35 ğŸ‡¬ğŸ‡¹ ğŸ¦„', 'id': '1290859594517024769'}]",,,,
1324107247920816138,1324094903148810243,2020-11-04 15:52:23 Central Standard Time,2020-11-04,15:52:23,-0600,1280548940413370369,earpcourtneyx,Courtney,,"@JayKay49241595 We are going to report it, we had to know who it was because on the game they use a random name so we couldnâ€™t report as we donâ€™t know who it is, but because my sister gave him my brothers snap, we got more information so we can report",en,[],[],[],1,0,1,[],[],https://twitter.com/EarpCourtneyx/status/1324107247920816138,False,,0,,,,,,,,"[{'screen_name': 'JayKay49241595', 'name': 'Jay Kay', 'id': '894939105485828098'}]",,,,
1324104656449056771,1324094903148810243,2020-11-04 15:42:05 Central Standard Time,2020-11-04,15:42:05,-0600,1280548940413370369,earpcourtneyx,Courtney,,@HaughtWaves1 Iâ€™m okay. Iâ€™m getting there. â¤ï¸,en,[],[],[],1,0,1,[],[],https://twitter.com/EarpCourtneyx/status/1324104656449056771,False,,0,,,,,,,,"[{'screen_name': 'HaughtWaves1', 'name': 'HaughtWaves', 'id': '1291086141148598275'}]",,,,
1324098380411424779,1324094903148810243,2020-11-04 15:17:09 Central Standard Time,2020-11-04,15:17:09,-0600,1280548940413370369,earpcourtneyx,Courtney,,"@HaughtWaves1 Honestly Iâ€™m just so proud of my sister for saying no and thinking of the idea to give him my brothers to confront him. I donâ€™t know how many others he has done this too, he claims he is 17 but we donâ€™t know but even way my sister is 10 and he didnâ€™t care",en,[],[],[],1,0,1,[],[],https://twitter.com/EarpCourtneyx/status/1324098380411424779,False,,0,,,,,,,,"[{'screen_name': 'HaughtWaves1', 'name': 'HaughtWaves', 'id': '1291086141148598275'}]",,,,
1324097063882231810,1324094903148810243,2020-11-04 15:11:55 Central Standard Time,2020-11-04,15:11:55,-0600,1280548940413370369,earpcourtneyx,Courtney,,@jehodE4L We did,en,[],[],[],0,0,0,[],[],https://twitter.com/EarpCourtneyx/status/1324097063882231810,False,,0,,,,,,,,"[{'screen_name': 'jehodE4L', 'name': 'Jen', 'id': '1293666292692660225'}]",,,,
1324094903148810243,1324094903148810243,2020-11-04 15:03:20 Central Standard Time,2020-11-04,15:03:20,-0600,1280548940413370369,earpcourtneyx,Courtney,,"Please be careful on the game Among us, some 17 year old boy kept saying he liked young girls, he asked my 10 year old sister for Snapchat which she doesnâ€™t have, he didnâ€™t care that she was 10, we gave him my brothers and this is what he said.  https://t.co/q4pqLLoLGq",en,[],[],"['https://pbs.twimg.com/media/EmAhS45WkAIrOR_.jpg', 'https://pbs.twimg.com/media/EmAhS43W0AImb4f.jpg']",4,0,2,[],[],https://twitter.com/EarpCourtneyx/status/1324094903148810243,False,,1,https://pbs.twimg.com/media/EmAhS45WkAIrOR_.jpg,,,,,,,[],,,,
1324081860402651136,1323979537923874817,2020-11-04 14:11:30 Central Standard Time,2020-11-04,14:11:30,-0600,1280548940413370369,earpcourtneyx,Courtney,,@nedleyshat Fingers crossed ğŸ¤,en,[],[],[],0,0,1,[],[],https://twitter.com/EarpCourtneyx/status/1324081860402651136,False,,0,,,,,,,,"[{'screen_name': 'nedleyshat', 'name': 'Juliet #FiveforWynonna', 'id': '1313369365040041986'}]",,,,
1324081823954145285,1323979537923874817,2020-11-04 14:11:21 Central Standard Time,2020-11-04,14:11:21,-0600,1280548940413370369,earpcourtneyx,Courtney,,@Tammy45288816  https://t.co/fny0ZyeIbS,und,[],[],['https://pbs.twimg.com/tweet_video_thumb/EmAVZR2WkAAP-T8.jpg'],0,0,0,[],[],https://twitter.com/EarpCourtneyx/status/1324081823954145285,False,,1,https://pbs.twimg.com/tweet_video_thumb/EmAVZR2WkAAP-T8.jpg,,,,,,,[],,,,
1324081723337048070,1323979537923874817,2020-11-04 14:10:57 Central Standard Time,2020-11-04,14:10:57,-0600,1280548940413370369,earpcourtneyx,Courtney,,@wqyhaught Thankyou â¤ï¸,en,[],[],[],0,0,1,[],[],https://twitter.com/EarpCourtneyx/status/1324081723337048070,False,,0,,,,,,,,"[{'screen_name': 'wqyhaught', 'name': 'zğŸ¦‹ğŸ­| bly manor spoilers', 'id': '1296217369266868232'}]",,,,
1324081676868354049,1323979537923874817,2020-11-04 14:10:46 Central Standard Time,2020-11-04,14:10:46,-0600,1280548940413370369,earpcourtneyx,Courtney,,"@nedleyshat Thankyou, and yeah Iâ€™m glad I know now because I have been feeling unwell for a while, so now on the road to recovery â¤ï¸",en,[],[],[],1,0,0,[],[],https://twitter.com/EarpCourtneyx/status/1324081676868354049,False,,0,,,,,,,,"[{'screen_name': 'nedleyshat', 'name': 'Juliet #FiveforWynonna', 'id': '1313369365040041986'}]",,,,
1324042355314479104,1323979537923874817,2020-11-04 11:34:31 Central Standard Time,2020-11-04,11:34:31,-0600,1280548940413370369,earpcourtneyx,Courtney,,@EllenFan1983 Thank you â¤ï¸,en,[],[],[],0,0,0,[],[],https://twitter.com/EarpCourtneyx/status/1324042355314479104,False,,0,,,,,,,,"[{'screen_name': 'EllenFan1983', 'name': 'DP', 'id': '23824179'}]",,,,
1324032277597327367,1324032277597327367,2020-11-04 10:54:28 Central Standard Time,2020-11-04,10:54:28,-0600,1280548940413370369,earpcourtneyx,Courtney,,Stay loyal during the talking stage â¤ï¸,en,[],[],[],0,1,8,[],[],https://twitter.com/EarpCourtneyx/status/1324032277597327367,False,,0,,,,,,,,[],,,,
1324026364257804289,1323979537923874817,2020-11-04 10:30:59 Central Standard Time,2020-11-04,10:30:59,-0600,1280548940413370369,earpcourtneyx,Courtney,,@SarahJa78772143 Thankyou ğŸ’“,en,[],[],[],0,0,1,[],[],https://twitter.com/EarpCourtneyx/status/1324026364257804289,False,,0,,,,,,,,"[{'screen_name': 'SarahJa78772143', 'name': 'Sarah Jackson', 'id': '1233830212686753793'}]",,,,
1324026329134751744,1323979537923874817,2020-11-04 10:30:50 Central Standard Time,2020-11-04,10:30:50,-0600,1280548940413370369,earpcourtneyx,Courtney,,@earpurr @BASKINinthefun Thankyou â¤ï¸â¤ï¸,en,[],[],[],0,0,0,[],[],https://twitter.com/EarpCourtneyx/status/1324026329134751744,False,,0,,,,,,,,"[{'screen_name': 'earpurr', 'name': 'Ä ğŸŒ¬', 'id': '1299979461496942592'}, {'screen_name': 'BASKINinthefun', 'name': 'ãƒŸâ˜† the grape depression', 'id': '237849460'}]",,,,
1324026297446731776,1323979537923874817,2020-11-04 10:30:43 Central Standard Time,2020-11-04,10:30:43,-0600,1280548940413370369,earpcourtneyx,Courtney,,@shesloml Thank you â¤ï¸â¤ï¸,en,[],[],[],0,0,0,[],[],https://twitter.com/EarpCourtneyx/status/1324026297446731776,False,,0,,,,,,,,"[{'screen_name': 'shesloml', 'name': 'Ë—ËË‹ hopiefaye Â´ËË—', 'id': '1260553715699691520'}]",,,,
1324020408581033984,1323979537923874817,2020-11-04 10:07:19 Central Standard Time,2020-11-04,10:07:19,-0600,1280548940413370369,earpcourtneyx,Courtney,,"@shesloml I know ğŸ˜”, I had a small feeling it would of been positive because iv had symptoms but was hoping for a negative result. Now on the road to recovery",en,[],[],[],1,0,0,[],[],https://twitter.com/EarpCourtneyx/status/1324020408581033984,False,,0,,,,,,,,"[{'screen_name': 'shesloml', 'name': 'Ë—ËË‹ hopiefaye Â´ËË—', 'id': '1260553715699691520'}]",,,,
1324019781775839233,1323979537923874817,2020-11-04 10:04:49 Central Standard Time,2020-11-04,10:04:49,-0600,1280548940413370369,earpcourtneyx,Courtney,,"@BASKINinthefun Thank you, I hope you get better soon!!! ğŸ’“",en,[],[],[],0,0,1,[],[],https://twitter.com/EarpCourtneyx/status/1324019781775839233,False,,0,,,,,,,,"[{'screen_name': 'BASKINinthefun', 'name': 'ãƒŸâ˜† the grape depression', 'id': '237849460'}]",,,,
1324012961866932224,1323979537923874817,2020-11-04 09:37:43 Central Standard Time,2020-11-04,09:37:43,-0600,1280548940413370369,earpcourtneyx,Courtney,,@InkedbettiePDX Thankyou ğŸ’“,en,[],[],[],0,0,1,[],[],https://twitter.com/EarpCourtneyx/status/1324012961866932224,False,,0,,,,,,,,"[{'screen_name': 'InkedbettiePDX', 'name': 'Tobi from the anarchist jurisdiction', 'id': '983326259600961540'}]",,,,
1324012153754583040,1323979537923874817,2020-11-04 09:34:31 Central Standard Time,2020-11-04,09:34:31,-0600,1280548940413370369,earpcourtneyx,Courtney,,@MitzElGenio Thankyou â¤ï¸â¤ï¸,en,[],[],[],0,0,0,[],[],https://twitter.com/EarpCourtneyx/status/1324012153754583040,False,,0,,,,,,,,"[{'screen_name': 'MitzElGenio', 'name': 'MaithağŸ’œ', 'id': '136225942'}]",,,,
1324012105884962817,1323979537923874817,2020-11-04 09:34:19 Central Standard Time,2020-11-04,09:34:19,-0600,1280548940413370369,earpcourtneyx,Courtney,,@Angiereads1 Thankyou â¤ï¸â¤ï¸,en,[],[],[],0,0,1,[],[],https://twitter.com/EarpCourtneyx/status/1324012105884962817,False,,0,,,,,,,,"[{'screen_name': 'Angiereads1', 'name': 'Angie Reads ğŸ“š #E4L #SaveVagrantQueen', 'id': '1052965325682237440'}]",,,,
1324012076134764545,1323979537923874817,2020-11-04 09:34:12 Central Standard Time,2020-11-04,09:34:12,-0600,1280548940413370369,earpcourtneyx,Courtney,,@bibiaferreira Thanks ğŸ’“,en,[],[],[],0,0,1,[],[],https://twitter.com/EarpCourtneyx/status/1324012076134764545,False,,0,,,,,,,,"[{'screen_name': 'bibiaferreira', 'name': 'Bia Ferreira', 'id': '89802087'}]",,,,
1324012048850845697,1323979537923874817,2020-11-04 09:34:06 Central Standard Time,2020-11-04,09:34:06,-0600,1280548940413370369,earpcourtneyx,Courtney,,@justmejaives Thankyou ğŸ’œ,en,[],[],[],0,0,0,[],[],https://twitter.com/EarpCourtneyx/status/1324012048850845697,False,,0,,,,,,,,"[{'screen_name': 'justmejaives', 'name': 'JV Vicente', 'id': '849413282054238209'}]",,,,
1324012017682960386,1323979537923874817,2020-11-04 09:33:58 Central Standard Time,2020-11-04,09:33:58,-0600,1280548940413370369,earpcourtneyx,Courtney,,@DanaNeate Thankyou â¤ï¸ğŸ’œ,en,[],[],[],0,0,1,[],[],https://twitter.com/EarpCourtneyx/status/1324012017682960386,False,,0,,,,,,,,"[{'screen_name': 'DanaNeate', 'name': 'Dee_Dee', 'id': '705711655'}]",,,,
1324006706951737346,1323979537923874817,2020-11-04 09:12:52 Central Standard Time,2020-11-04,09:12:52,-0600,1280548940413370369,earpcourtneyx,Courtney,,@WhiskyDonuts Thankyou ğŸ¤â¤ï¸,en,[],[],[],0,0,1,[],[],https://twitter.com/EarpCourtneyx/status/1324006706951737346,False,,0,,,,,,,,"[{'screen_name': 'WhiskyDonuts', 'name': 'Tay ğŸ–¤', 'id': '738065125152817152'}]",,,,
1324005531233693698,1323979537923874817,2020-11-04 09:08:12 Central Standard Time,2020-11-04,09:08:12,-0600,1280548940413370369,earpcourtneyx,Courtney,,@thatwasuseless Thank you ğŸ’“,en,[],[],[],0,0,0,[],[],https://twitter.com/EarpCourtneyx/status/1324005531233693698,False,,0,,,,,,,,"[{'screen_name': 'thatwasuseless', 'name': 'ğ’ğ“â„´ğ’¸ğ“€ğ“Œâ„´ğ“‡ğ“€ ğ’«ğ“‡ğ’¾ğ“ƒğ’¸â„¯ğ“ˆğ“ˆ', 'id': '4841784293'}]",,,,
1324005376249995265,1323979537923874817,2020-11-04 09:07:35 Central Standard Time,2020-11-04,09:07:35,-0600,1280548940413370369,earpcourtneyx,Courtney,,@lauralih31 Thank you â¤ï¸,en,[],[],[],0,0,1,[],[],https://twitter.com/EarpCourtneyx/status/1324005376249995265,False,,0,,,,,,,,"[{'screen_name': 'lauralih31', 'name': 'Laura', 'id': '1109061663452483584'}]",,,,
1323990553168617472,1323979537923874817,2020-11-04 08:08:41 Central Standard Time,2020-11-04,08:08:41,-0600,1280548940413370369,earpcourtneyx,Courtney,,@Nikki40114024 Thank you â¤ï¸,en,[],[],[],1,0,1,[],[],https://twitter.com/EarpCourtneyx/status/1323990553168617472,False,,0,,,,,,,,"[{'screen_name': 'Nikki40114024', 'name': 'Nikki ğŸ˜‰', 'id': '1291529871017930753'}]",,,,
1323990296330424321,1323979537923874817,2020-11-04 08:07:39 Central Standard Time,2020-11-04,08:07:39,-0600,1280548940413370369,earpcourtneyx,Courtney,,@Mad9Me I will do â¤ï¸,en,[],[],[],0,0,1,[],[],https://twitter.com/EarpCourtneyx/status/1323990296330424321,False,,0,,,,,,,,"[{'screen_name': 'Mad9Me', 'name': 'Chinnu', 'id': '1116189753282637825'}]",,,,
1323988472131129345,1323979537923874817,2020-11-04 08:00:24 Central Standard Time,2020-11-04,08:00:24,-0600,1280548940413370369,earpcourtneyx,Courtney,,@Lizzle_McNizzle Thankyou â¤ï¸â¤ï¸â¤ï¸,en,[],[],[],0,0,1,[],[],https://twitter.com/EarpCourtneyx/status/1323988472131129345,False,,0,,,,,,,,"[{'screen_name': 'Lizzle_McNizzle', 'name': 'LoriMac', 'id': '38199143'}]",,,,
1323988438476009472,1323979537923874817,2020-11-04 08:00:16 Central Standard Time,2020-11-04,08:00:16,-0600,1280548940413370369,earpcourtneyx,Courtney,,@dcprovost Gracias â¤ï¸,es,[],[],[],0,0,1,[],[],https://twitter.com/EarpCourtneyx/status/1323988438476009472,False,,0,,,,,,,,"[{'screen_name': 'dcprovost', 'name': 'nerea ğŸ„', 'id': '1313748409401192448'}]",,,,
1323987358723788801,1323979537923874817,2020-11-04 07:55:59 Central Standard Time,2020-11-04,07:55:59,-0600,1280548940413370369,earpcourtneyx,Courtney,,@Binky017 Thank you ğŸ’“,en,[],[],[],0,0,0,[],[],https://twitter.com/EarpCourtneyx/status/1323987358723788801,False,,0,,,,,,,,"[{'screen_name': 'Binky017', 'name': 'Bianca Acosta', 'id': '69332246'}]",,,,
1323985450017693702,1323979537923874817,2020-11-04 07:48:24 Central Standard Time,2020-11-04,07:48:24,-0600,1280548940413370369,earpcourtneyx,Courtney,,@_melanie_e_rose Thankyou so much â¤ï¸,en,[],[],[],0,0,1,[],[],https://twitter.com/EarpCourtneyx/status/1323985450017693702,False,,0,,,,,,,,"[{'screen_name': '_melanie_e_rose', 'name': 'mel âœ¨', 'id': '1112275417690341379'}]",,,,
1323983885756178433,1323979537923874817,2020-11-04 07:42:11 Central Standard Time,2020-11-04,07:42:11,-0600,1280548940413370369,earpcourtneyx,Courtney,,@HaughtMess92 I will do â¤ï¸,en,[],[],[],0,0,0,[],[],https://twitter.com/EarpCourtneyx/status/1323983885756178433,False,,0,,,,,,,,"[{'screen_name': 'HaughtMess92', 'name': 'Britt van de Casteele', 'id': '296793078'}]",,,,
1323982771908452352,1323979537923874817,2020-11-04 07:37:45 Central Standard Time,2020-11-04,07:37:45,-0600,1280548940413370369,earpcourtneyx,Courtney,,@angelpharmd Thankyou â¤ï¸,en,[],[],[],0,0,1,[],[],https://twitter.com/EarpCourtneyx/status/1323982771908452352,False,,0,,,,,,,,"[{'screen_name': 'angelpharmd', 'name': 'Gayle', 'id': '1364293208'}]",,,,
1323982713783726080,1323979537923874817,2020-11-04 07:37:32 Central Standard Time,2020-11-04,07:37:32,-0600,1280548940413370369,earpcourtneyx,Courtney,,@Lizzle_McNizzle â¤ï¸â¤ï¸,und,[],[],[],1,0,0,[],[],https://twitter.com/EarpCourtneyx/status/1323982713783726080,False,,0,,,,,,,,"[{'screen_name': 'Lizzle_McNizzle', 'name': 'LoriMac', 'id': '38199143'}]",,,,
1323982694238269441,1323979537923874817,2020-11-04 07:37:27 Central Standard Time,2020-11-04,07:37:27,-0600,1280548940413370369,earpcourtneyx,Courtney,,@Rohini_mankotia Thankyou ğŸ’“,en,[],[],[],0,0,0,[],[],https://twitter.com/EarpCourtneyx/status/1323982694238269441,False,,0,,,,,,,,"[{'screen_name': 'Rohini_mankotia', 'name': 'Ronz (She/Her)', 'id': '322685288'}]",,,,
1323982666757263369,1323979537923874817,2020-11-04 07:37:20 Central Standard Time,2020-11-04,07:37:20,-0600,1280548940413370369,earpcourtneyx,Courtney,,@Mad9Me Thank you â¤ï¸,en,[],[],[],1,0,1,[],[],https://twitter.com/EarpCourtneyx/status/1323982666757263369,False,,0,,,,,,,,"[{'screen_name': 'Mad9Me', 'name': 'Chinnu', 'id': '1116189753282637825'}]",,,,
1323979537923874817,1323979537923874817,2020-11-04 07:24:54 Central Standard Time,2020-11-04,07:24:54,-0600,1280548940413370369,earpcourtneyx,Courtney,,So......I tested positive for Covid. Im not going to be as active on here whilst I recover and get better. ğŸ’œ,en,[],[],[],26,0,46,[],[],https://twitter.com/EarpCourtneyx/status/1323979537923874817,False,,0,,,,,,,,[],,,,
1323905790403641346,1323735069434007552,2020-11-04 02:31:52 Central Standard Time,2020-11-04,02:31:52,-0600,1280548940413370369,earpcourtneyx,Courtney,,@dcprovost Te hablare en espanol todo el tiempo que quieras,es,[],[],[],0,0,1,[],[],https://twitter.com/EarpCourtneyx/status/1323905790403641346,False,,0,,,,,,,,"[{'screen_name': 'dcprovost', 'name': 'nerea', 'id': '1313748409401192448'}]",,,,
1323882090530746368,1323747263907307521,2020-11-04 00:57:41 Central Standard Time,2020-11-04,00:57:41,-0600,1280548940413370369,earpcourtneyx,Courtney,,"@whycantwelove They didnâ€™t suspect me tho because I done reactor and then killed pink when they was going there, so they didnâ€™t know it was me, but the other person got so defensive to everyone in the chat it was funny as hell, so we voted him out.",en,[],[],[],1,0,1,[],[],https://twitter.com/EarpCourtneyx/status/1323882090530746368,False,,0,,,,,,,,"[{'screen_name': 'whycantwelove', 'name': 'Sophie ğŸ³', 'id': '1307787946947297280'}]",,,,
1323880634582880256,1323747263907307521,2020-11-04 00:51:54 Central Standard Time,2020-11-04,00:51:54,-0600,1280548940413370369,earpcourtneyx,Courtney,,@whycantwelove I was playing and there was 2 people that was so defensive and was like if you are imposter and kill pink then you get banned..... it was obvious they was playing together in the same room so the first thing I done was killed pink and they got so pissed off,en,[],[],[],1,0,1,[],[],https://twitter.com/EarpCourtneyx/status/1323880634582880256,False,,0,,,,,,,,"[{'screen_name': 'whycantwelove', 'name': 'Sophie ğŸ³', 'id': '1307787946947297280'}]",,,,
1323880220743634948,1323722644194238464,2020-11-04 00:50:15 Central Standard Time,2020-11-04,00:50:15,-0600,1280548940413370369,earpcourtneyx,Courtney,,@HaughtMess92 Me â¤ï¸,und,[],[],[],0,0,1,[],[],https://twitter.com/EarpCourtneyx/status/1323880220743634948,False,,0,,,,,,,,"[{'screen_name': 'HaughtMess92', 'name': 'Britt van de Casteele', 'id': '296793078'}]",,,,
1323688902415306752,1323688902415306752,2020-11-03 12:10:01 Central Standard Time,2020-11-03,12:10:01,-0600,1280548940413370369,earpcourtneyx,Courtney,,"Todayâ€™s been so shit, I feel so rough, my mental health is poor, Iâ€™m going to have a shower and call it a night.",en,[],[],[],1,0,2,[],[],https://twitter.com/EarpCourtneyx/status/1323688902415306752,False,,0,,,,,,,,[],,,,
1323388971418869760,1323170401434980352,2020-11-02 16:18:12 Central Standard Time,2020-11-02,16:18:12,-0600,1280548940413370369,earpcourtneyx,Courtney,,@Nikki40114024 â¤ï¸,und,[],[],[],1,0,1,[],[],https://twitter.com/EarpCourtneyx/status/1323388971418869760,False,,0,,,,,,,,"[{'screen_name': 'Nikki40114024', 'name': 'Nikki ğŸ˜‰', 'id': '1291529871017930753'}]",,,,
1323388890867224576,1323366108322271235,2020-11-02 16:17:53 Central Standard Time,2020-11-02,16:17:53,-0600,1280548940413370369,earpcourtneyx,Courtney,,@cara84h Love you â¤ï¸â¤ï¸â¤ï¸â¤ï¸,en,[],[],[],1,0,1,[],[],https://twitter.com/EarpCourtneyx/status/1323388890867224576,False,,0,,,,,,,,"[{'screen_name': 'cara84h', 'name': 'Cara ğŸ´\U000e0067\U000e0062\U000e0065\U000e006e\U000e0067\U000e007fğŸ‡¬ğŸ‡§', 'id': '3743429716'}]",,,,
1323388751029088262,1323170401434980352,2020-11-02 16:17:20 Central Standard Time,2020-11-02,16:17:20,-0600,1280548940413370369,earpcourtneyx,Courtney,,@Binky017 â¤ï¸â¤ï¸,und,[],[],[],0,0,1,[],[],https://twitter.com/EarpCourtneyx/status/1323388751029088262,False,,0,,,,,,,,"[{'screen_name': 'Binky017', 'name': 'Bianca Acosta', 'id': '69332246'}]",,,,
1323384902126047232,1323170401434980352,2020-11-02 16:02:02 Central Standard Time,2020-11-02,16:02:02,-0600,1280548940413370369,earpcourtneyx,Courtney,,"@Nikki40114024 Thankyou, I took the covid test today so hopefully will get my results soon",en,[],[],[],1,0,1,[],[],https://twitter.com/EarpCourtneyx/status/1323384902126047232,False,,0,,,,,,,,"[{'screen_name': 'Nikki40114024', 'name': 'Nikki ğŸ˜‰', 'id': '1291529871017930753'}]",,,,
1323357498687033346,1323357498687033346,2020-11-02 14:13:09 Central Standard Time,2020-11-02,14:13:09,-0600,1280548940413370369,earpcourtneyx,Courtney,,cada dia es una bendicion,es,[],[],[],0,0,0,[],[],https://twitter.com/EarpCourtneyx/status/1323357498687033346,False,,0,,,,,,,,[],,,,
1323170401434980352,1323170401434980352,2020-11-02 01:49:41 Central Standard Time,2020-11-02,01:49:41,-0600,1280548940413370369,earpcourtneyx,Courtney,,"Iv been feeling so sick lately and today I have woken up with a sore throat and my taste buds are going, I am taking a covid test today, fingers crossed, I just want to feel better. ğŸ˜”ğŸ¤",en,[],[],[],8,0,10,[],[],https://twitter.com/EarpCourtneyx/status/1323170401434980352,False,,0,,,,,,,,[],,,,
1323031674150637570,1323031674150637570,2020-11-01 16:38:26 Central Standard Time,2020-11-01,16:38:26,-0600,1280548940413370369,earpcourtneyx,Courtney,,"un dia conoceras a alguien que te harÃ¡ darte cuenta de por que nunca funciono con nadie mas , mantente positivo",es,[],[],[],0,1,5,[],[],https://twitter.com/EarpCourtneyx/status/1323031674150637570,False,,0,,,,,,,,[],,,,
1322977643285938185,1322977643285938185,2020-11-01 13:03:44 Central Standard Time,2020-11-01,13:03:44,-0600,1280548940413370369,earpcourtneyx,Courtney,,Ooop...... Iâ€™v been exposed,en,[],[],[],0,0,2,[],[],https://twitter.com/EarpCourtneyx/status/1322977643285938185,False,https://twitter.com/cynicalclonez/status/1322862785483673602,0,,,,,,,,[],,,,
1322977200665169920,1322971725156540417,2020-11-01 13:01:59 Central Standard Time,2020-11-01,13:01:59,-0600,1280548940413370369,earpcourtneyx,Courtney,,@timedemonvessel Agreed it 41352,en,[],[],[],0,0,1,[],[],https://twitter.com/EarpCourtneyx/status/1322977200665169920,False,,0,,,,,,,,"[{'screen_name': 'timedemonvessel', 'name': 'quinn ğŸ–¤ğŸ¤ğŸ’œ', 'id': '1180143791455555584'}]",,,,
1322975714942066689,1322975714942066689,2020-11-01 12:56:04 Central Standard Time,2020-11-01,12:56:04,-0600,1280548940413370369,earpcourtneyx,Courtney,,4 1 3 5 2,und,[],[],[],0,0,1,[],[],https://twitter.com/EarpCourtneyx/status/1322975714942066689,False,https://twitter.com/blyscrofano/status/1322973071381307393,0,,,,,,,,[],,,,
1322925772709965829,1322925772709965829,2020-11-01 09:37:37 Central Standard Time,2020-11-01,09:37:37,-0600,1280548940413370369,earpcourtneyx,Courtney,,does this turn you on?  1. Yes 2. Yes 3. No 4. Yes 5. Meh 6. Yes 7. Heck yes  8. Depends  9. Yes  10. Yes yes holy shit yes ğŸ˜‚  reply with an emoji &amp; I will send you the list,en,[],[],[],6,0,5,[],[],https://twitter.com/EarpCourtneyx/status/1322925772709965829,False,,0,,,,,,,,[],,,,
1322925357159403520,1322924796028444672,2020-11-01 09:35:58 Central Standard Time,2020-11-01,09:35:58,-0600,1280548940413370369,earpcourtneyx,Courtney,,@whycantwelove ğŸ‘€,und,[],[],[],0,0,1,[],[],https://twitter.com/EarpCourtneyx/status/1322925357159403520,False,,0,,,,,,,,"[{'screen_name': 'whycantwelove', 'name': 'Sophie ğŸ³', 'id': '1307787946947297280'}]",,,,
1322815655167565824,1322815655167565824,2020-11-01 02:20:03 Central Standard Time,2020-11-01,02:20:03,-0600,1280548940413370369,earpcourtneyx,Courtney,,are you innocent? never have i ever innocent edition  ğŸ˜- never ğŸ˜‹- i have  1. ğŸ˜ 2. ğŸ˜‹ 3. ğŸ˜‹ 4. ğŸ˜‹ğŸ˜‹ğŸ˜‹ğŸ˜‹ğŸ˜‹ğŸ˜‹ğŸ˜‹ğŸ˜‹ 5. ğŸ˜‹ 6. ğŸ˜‹ 7. ğŸ˜‹ 8. ğŸ˜‹ 9. ğŸ˜‹ğŸ˜‹ 10. ğŸ˜ 11. ğŸ˜‹ 12. ğŸ˜ 13. ğŸ˜‹ 14. ğŸ˜‹ 15. ğŸ˜  Reply to this and iâ€™ll send u the questions,en,[],[],[],3,0,2,[],[],https://twitter.com/EarpCourtneyx/status/1322815655167565824,False,,0,,,,,,,,[],,,,
1322814747721555969,1322812728000524288,2020-11-01 02:16:27 Central Standard Time,2020-11-01,02:16:27,-0600,1280548940413370369,earpcourtneyx,Courtney,,@nedleyshat Me,und,[],[],[],0,0,1,[],[],https://twitter.com/EarpCourtneyx/status/1322814747721555969,False,,0,,,,,,,,"[{'screen_name': 'nedleyshat', 'name': 'Juliet #FiveforWynonna', 'id': '1313369365040041986'}]",,,,
1322637101171691521,1322637101171691521,2020-10-31 15:30:32 Central Daylight Time,2020-10-31,15:30:32,-0600,1280548940413370369,earpcourtneyx,Courtney,,te quiero â¤ï¸,es,[],[],[],0,0,2,[],[],https://twitter.com/EarpCourtneyx/status/1322637101171691521,False,,0,,,,,,,,[],,,,
1322636414593519620,1322511828312854528,2020-10-31 15:27:49 Central Daylight Time,2020-10-31,15:27:49,-0600,1280548940413370369,earpcourtneyx,Courtney,,"@domwearp Soy de Inglaterra pero hablo espanol, como estas?",es,[],[],[],0,0,0,[],[],https://twitter.com/EarpCourtneyx/status/1322636414593519620,False,,0,,,,,,,,[],,,,
1322601633772195845,1322601633772195845,2020-10-31 13:09:36 Central Daylight Time,2020-10-31,13:09:36,-0600,1280548940413370369,earpcourtneyx,Courtney,,129,und,[],[],[],1,0,0,[],[],https://twitter.com/EarpCourtneyx/status/1322601633772195845,False,https://twitter.com/polastrisearp/status/1322601477312040961,0,,,,,,,,[],,,,
1322598056529973250,1322570119592185857,2020-10-31 12:55:24 Central Daylight Time,2020-10-31,12:55:24,-0600,1280548940413370369,earpcourtneyx,Courtney,,@Mad9Me Hahaha I mean I have no reason to search ğŸ˜‚,en,[],[],[],1,0,1,[],[],https://twitter.com/EarpCourtneyx/status/1322598056529973250,False,,0,,,,,,,,"[{'screen_name': 'Mad9Me', 'name': 'Chinnu', 'id': '1116189753282637825'}]",,,,
1322595780780347393,1322570119592185857,2020-10-31 12:46:21 Central Daylight Time,2020-10-31,12:46:21,-0600,1280548940413370369,earpcourtneyx,Courtney,,@Mad9Me I wish I was.,en,[],[],[],1,0,1,[],[],https://twitter.com/EarpCourtneyx/status/1322595780780347393,False,,0,,,,,,,,"[{'screen_name': 'Mad9Me', 'name': 'Chinnu', 'id': '1116189753282637825'}]",,,,
1322544803238862850,1322508653694455808,2020-10-31 09:23:47 Central Daylight Time,2020-10-31,09:23:47,-0600,1280548940413370369,earpcourtneyx,Courtney,,@shea_kath Amen,en,[],[],[],0,0,0,[],[],https://twitter.com/EarpCourtneyx/status/1322544803238862850,False,,0,,,,,,,,"[{'screen_name': 'shea_kath', 'name': 'Kath ğŸ´\U000e0067\U000e0062\U000e0077\U000e006c\U000e0073\U000e007f ğŸŒˆğŸ’œ', 'id': '1201573621203951616'}]",,,,
1322540402461806595,1322291355272552453,2020-10-31 09:06:18 Central Daylight Time,2020-10-31,09:06:18,-0600,1280548940413370369,earpcourtneyx,Courtney,,@earperblud Iâ€™m a Leo,en,[],[],[],0,0,1,[],[],https://twitter.com/EarpCourtneyx/status/1322540402461806595,False,,0,,,,,,,,"[{'screen_name': 'earperblud', 'name': 'lau; âŸ âŒ‚ğŸˆ', 'id': '1058892074794319873'}]",,,,
1322442126907576320,1322442126907576320,2020-10-31 02:35:47 Central Daylight Time,2020-10-31,02:35:47,-0600,1280548940413370369,earpcourtneyx,Courtney,,My 30 minute nap yesterday ended up being a 14 hour nap and Iâ€™m still tired. Being sick sucks ğŸ˜·,en,[],[],[],3,0,10,[],[],https://twitter.com/EarpCourtneyx/status/1322442126907576320,False,,0,,,,,,,,[],,,,
1322111134703517696,1322107133559791616,2020-10-30 04:40:32 Central Daylight Time,2020-10-30,04:40:32,-0600,1280548940413370369,earpcourtneyx,Courtney,,@LaugMichaela â¤ï¸,und,[],[],[],0,0,1,[],[],https://twitter.com/EarpCourtneyx/status/1322111134703517696,False,,0,,,,,,,,"[{'screen_name': 'LaugMichaela', 'name': 'ğŸƒMichiğŸ¦‡ğŸ³ï¸\u200dğŸŒˆ #FiveForWynonna', 'id': '1295372035015741441'}]",,,,
1322111106593312768,1322107133559791616,2020-10-30 04:40:26 Central Daylight Time,2020-10-30,04:40:26,-0600,1280548940413370369,earpcourtneyx,Courtney,,@nedleyshat Thankyou â¤ï¸,en,[],[],[],0,0,0,[],[],https://twitter.com/EarpCourtneyx/status/1322111106593312768,False,,0,,,,,,,,"[{'screen_name': 'nedleyshat', 'name': 'Juliet #FiveforWynonna', 'id': '1313369365040041986'}]",,,,
1322107133559791616,1322107133559791616,2020-10-30 04:24:38 Central Daylight Time,2020-10-30,04:24:38,-0600,1280548940413370369,earpcourtneyx,Courtney,,Good Morning â¤ï¸  https://t.co/73RYvjwK0d,en,[],[],['https://pbs.twimg.com/media/ElkRbgLXgAAVbYH.jpg'],5,0,10,[],[],https://twitter.com/EarpCourtneyx/status/1322107133559791616,False,,1,https://pbs.twimg.com/media/ElkRbgLXgAAVbYH.jpg,,,,,,,[],,,,
1321971254220460032,1321958970920194048,2020-10-29 19:24:42 Central Daylight Time,2020-10-29,19:24:42,-0600,1280548940413370369,earpcourtneyx,Courtney,,@Nikki40114024 Hola seÃ±orita,es,[],[],[],1,0,1,[],[],https://twitter.com/EarpCourtneyx/status/1321971254220460032,False,,0,,,,,,,,"[{'screen_name': 'Nikki40114024', 'name': 'Nikki ğŸ˜‰', 'id': '1291529871017930753'}]",,,,
1321958970920194048,1321958970920194048,2020-10-29 18:35:54 Central Daylight Time,2020-10-29,18:35:54,-0600,1280548940413370369,earpcourtneyx,Courtney,,So I went for a bit of a hair change.....  https://t.co/h0iRbjvVgG,en,[],[],['https://pbs.twimg.com/media/EliKrSiWoAEjmZy.jpg'],1,0,11,[],[],https://twitter.com/EarpCourtneyx/status/1321958970920194048,False,,1,https://pbs.twimg.com/media/EliKrSiWoAEjmZy.jpg,,,,,,,[],,,,
1321888605904736258,1321888605904736258,2020-10-29 13:56:17 Central Daylight Time,2020-10-29,13:56:17,-0600,1280548940413370369,earpcourtneyx,Courtney,,Todayâ€™s been a day of horror films and snacks ğŸ˜Œâ¤ï¸,en,[],[],[],2,0,6,[],[],https://twitter.com/EarpCourtneyx/status/1321888605904736258,False,,0,,,,,,,,[],,,,
1321840008047828992,1321580877625856003,2020-10-29 10:43:11 Central Daylight Time,2020-10-29,10:43:11,-0600,1280548940413370369,earpcourtneyx,Courtney,,@Nikki40114024 I look in the mirror everyday and scare the shit out myself ğŸ˜‚,en,[],[],[],1,0,1,[],[],https://twitter.com/EarpCourtneyx/status/1321840008047828992,False,,0,,,,,,,,"[{'screen_name': 'Nikki40114024', 'name': 'Nikki ğŸ˜‰', 'id': '1291529871017930753'}]",,,,
1321580877625856003,1321580877625856003,2020-10-28 17:33:29 Central Daylight Time,2020-10-28,17:33:29,-0600,1280548940413370369,earpcourtneyx,Courtney,,"I was starting to fall asleep, I turned around to find my mum standing at the side of my bed, she was coming to tell me something, mum donâ€™t do that, made me literally jump. Needless to say she scared me so much Iâ€™m now wide awake.",en,[],[],[],1,0,2,[],[],https://twitter.com/EarpCourtneyx/status/1321580877625856003,False,,0,,,,,,,,[],,,,
